{"cameraMode":{"drawMode":0,"name":"Shaded","section":"Shading Mode"},"sceneLighting":false,"audioPlay":false,"sceneViewState":{"showFog":true,"showMaterialUpdate":false,"showSkybox":false,"showFlares":true,"showImageEffects":true,"showParticleSystems":true},"in2DMode":false,"pivot":{"x":-0.005685329437255859,"y":-0.3255402743816376,"z":-0.18104684352874757},"rotation":{"x":-0.17033585906028748,"y":0.3687970042228699,"z":-0.06894402205944061,"w":-0.9111647009849548},"size":0.3714835047721863,"orthographic":false}